{
	"parent": "item/generated",
	"textures": {
		"layer0": "item/custom/boo_hungry"
	},
    "display": {
        "ground": {
            "rotation": [ 90, 0, 0 ],
            "translation": [ 3, 0, -3],
            "scale":[ 1.0, 0.5, 0.2]
        },
        "thirdperson_righthand": {
            "rotation": [ 90, 0, 90 ],
            "translation": [ -3, 0, 3],
            "scale":[ 0.5, 0.5, 0.5]
        },
        "firstperson_righthand": {
            "rotation": [ 0, 0, 0 ],
            "translation": [ -10, 10, -1],
            "scale":[ 2, 2, 2]
        },
        "gui": {
            "rotation": [ 0, 0, 0 ],
            "translation": [ 0, 15, 0],
            "scale":[ 20, 20, 20]
        }
    }
}