{
	"parent": "item/handheld",
	"textures": {
		"layer0": "item/custom/titanium_drill"
	},
    "display": {
        "ground": {
            "translation": [ 0, 3, 0],
            "scale":[ 1, 1, 1]
        },
		"thirdperson_righthand": {
            "rotation": [ 55, -90, 90 ],
            "translation": [ 0, 0, -4.5],
            "scale":[ 1, 1, 1]
		},
		"thirdperson_lefthand": {
            "rotation": [ -35, -90, 90 ],
            "translation": [ 0, 0, -4]
		},
		"head": {
            "rotation": [ 0, 0, -43 ],
            "translation": [ 0, 13, 0],
            "scale":[ 1, 1, 1 ]
        }
    }
}