{
    "parent": "item/generated",
    "textures": {
        "layer0": "item/elytra"
    },
    "overrides": [
        {
            "predicate": {
                "broken": 1
            },
            "model": "item/broken_elytra"
        },
		{"predicate": {"custom_model_data":5201}, "model": "item/buff_icons/fly"},
		{"predicate": {"custom_model_data":5202}, "model": "item/buff_icons/fly_disabled"},
		{"predicate": {"custom_model_data":5203}, "model": "item/buff_icons/fly_not_enabled"}
    ]
}
