{
	"parent": "item/handheld",
	"textures": {
		"layer0": "item/iron_pickaxe"
	},
    "display": {
        "ground": {
            "translation": [ 0, 3, 0],
            "scale":[ 1, 1, 1]
        }
    },
	
	"overrides": [
		{"predicate": {"custom_model_data":25201}, "model": "item/custom/tungsten_pickaxe"},
		{"predicate": {"custom_model_data":25202}, "model": "item/custom/titanium_pickaxe"},
		{"predicate": {"custom_model_data":25203}, "model": "item/custom/titanium_pickaxe_refined"}
	]
}