{
    "parent": "item/generated",
    "textures": {
        "layer0": "item/leather_boots",
        "layer1": "item/leather_boots_overlay"
    },
    "display": {
        "ground": {
            "translation": [ 0, 3, 0],
            "scale":[ 1, 1, 1]
        }
    },
	
	"overrides": [
		{"predicate": {"custom_model_data":25201}, "model": "item/custom/copper_boots"},
		{"predicate": {"custom_model_data":25202}, "model": "item/custom/tungsten_boots"},
		{"predicate": {"custom_model_data":25203}, "model": "item/custom/cobalt_boots"},
		{"predicate": {"custom_model_data":25204}, "model": "item/custom/mithril_boots"},
		{"predicate": {"custom_model_data":25205}, "model": "item/custom/titanium_boots"}
	]
}
